(none),apple,banana,grape,strawberry,kiwi,lemon,orange,peach,pineapple,watermelon,cucumber,green_vegetables,potato,tomato,bell_pepper,carrot,shiitake
0.0,144.0,16.0,42.0,81.0,67.0,111.0,52.0,30.0,39.0,85.0,62.0,27.0,36.0,71.0,15.0,38.0,107.0
25.0,1244.0,0.0,0.0,0.0,0.0,0.0,0.0,0.0,0.0,0.0,0.0,0.0,0.0,0.0,0.0,0.0,0.0
0.0,0.0,404.0,0.0,0.0,0.0,0.0,0.0,0.0,0.0,0.0,0.0,0.0,0.0,0.0,0.0,0.0,0.0
9.0,0.0,0.0,356.0,0.0,0.0,0.0,0.0,0.0,0.0,0.0,0.0,0.0,0.0,0.0,0.0,0.0,0.0
1.0,0.0,0.0,0.0,714.0,0.0,0.0,0.0,0.0,0.0,0.0,0.0,0.0,0.0,0.0,0.0,0.0,0.0
3.0,0.0,0.0,0.0,0.0,414.0,0.0,0.0,0.0,0.0,0.0,0.0,0.0,0.0,0.0,0.0,0.0,0.0
4.0,0.0,0.0,0.0,0.0,0.0,464.0,0.0,0.0,0.0,0.0,0.0,0.0,0.0,0.0,0.0,0.0,0.0
0.0,0.0,0.0,0.0,0.0,0.0,0.0,339.0,0.0,0.0,0.0,0.0,0.0,0.0,0.0,0.0,0.0,0.0
3.0,0.0,0.0,0.0,0.0,0.0,0.0,0.0,530.0,0.0,0.0,0.0,0.0,0.0,0.0,0.0,0.0,0.0
3.0,2.0,0.0,0.0,0.0,0.0,0.0,0.0,0.0,229.0,0.0,0.0,0.0,0.0,0.0,0.0,0.0,0.0
28.0,0.0,0.0,0.0,0.0,0.0,0.0,0.0,0.0,0.0,641.0,0.0,0.0,0.0,0.0,0.0,0.0,0.0
0.0,0.0,0.0,0.0,0.0,0.0,0.0,0.0,0.0,0.0,0.0,348.0,0.0,0.0,0.0,0.0,0.0,0.0
3.0,0.0,0.0,0.0,0.0,0.0,0.0,0.0,0.0,0.0,0.0,0.0,220.0,0.0,0.0,0.0,0.0,0.0
10.0,2.0,0.0,0.0,0.0,0.0,0.0,0.0,0.0,0.0,0.0,0.0,0.0,263.0,0.0,0.0,0.0,0.0
4.0,0.0,0.0,0.0,0.0,0.0,0.0,0.0,0.0,0.0,0.0,0.0,0.0,0.0,437.0,1.0,0.0,0.0
2.0,0.0,0.0,0.0,0.0,0.0,0.0,0.0,0.0,0.0,0.0,0.0,0.0,0.0,0.0,649.0,0.0,0.0
6.0,0.0,0.0,0.0,0.0,0.0,0.0,0.0,0.0,0.0,0.0,0.0,0.0,0.0,0.0,0.0,196.0,0.0
0.0,0.0,0.0,0.0,0.0,0.0,0.0,0.0,0.0,0.0,0.0,0.0,0.0,0.0,0.0,0.0,0.0,958.0